,Avg Response Length,Distinct-1,Distinct-2,Inference Time (s),Model Size (MB),TOPSIS Score,Rank
BlenderBot-small,19.5,0.48717948717948717,0.8288288288288288,3.2269821166992188,655.7578125,0.5371440670205561,1
GPT-2,30.333333333333332,0.29120879120879123,0.4375,3.193415641784668,474.7001953125,0.5001899514013525,2
DialoGPT-small,1.8333333333333333,0.2727272727272727,0.2,0.1392972469329834,621.9375,0.38416173530962533,3
